date,app,campaign_id,campaign,impressions,clicks,installs,installs_ct,conversions,cost,revenue,af_complete_registration,af_purchase,channel
2023-01-10,ANDROID,ipiJcMSJAyLrHZQl,App_Install,17417.0,38.0,6.0,1.0,61.0,4759.8473619,143000.0,6.0,20.0,moloco
2023-01-10,ANDROID,ipiJcMSJAyLrHZQl,App_Install,47552.0,69.0,1.0,,319.0,12219.667377540001,3518800.0,,318.0,moloco
2023-01-10,ANDROID,ipiJcMSJAyLrHZQl,App_Install,1381669.0,1600.0,243.0,7.0,1548.0,349008.37880850007,1327400.0,391.0,101.0,moloco
2023-01-10,ANDROID,ipiJcMSJAyLrHZQl,App_Install,,,,,49.0,,734700.0,4.0,45.0,moloco
2023-01-10,ANDROID,ipiJcMSJAyLrHZQl,App_Install,28204.0,51.0,2.0,1.0,2.0,6712.6578585,,,,moloco
2023-01-10,ANDROID,ipiJcMSJAyLrHZQl,App_Install,460203.0,1143.0,137.0,20.0,977.0,189674.16176604002,1539600.0,241.0,121.0,moloco
2023-01-10,ANDROID,ipiJcMSJAyLrHZQl,App_Install,57549.0,112.0,11.0,4.0,128.0,13803.370822500003,942100.0,21.0,57.0,moloco
2023-01-10,ANDROID,ipiJcMSJAyLrHZQl,App_Install,417520.0,467.0,101.0,4.0,591.0,113114.69619389996,1067100.0,149.0,59.0,moloco
2023-01-10,ANDROID,ipiJcMSJAyLrHZQl,App_Install,4572.0,8.0,1.0,,1.0,1167.97580778,,,,moloco
2023-01-10,ANDROID,ipiJcMSJAyLrHZQl,App_Install,,,1.0,1.0,97.0,,1362200.0,8.0,88.0,moloco
2023-01-10,ANDROID,ipiJcMSJAyLrHZQl,App_Install,,,,,30.0,,269800.0,,30.0,moloco
2023-01-10,ANDROID,ipiJcMSJAyLrHZQl,App_Install,23751.0,27.0,6.0,1.0,42.0,8525.22771534,56400.0,8.0,4.0,moloco
2023-01-10,ANDROID,ipiJcMSJAyLrHZQl,App_Install,1543240.0,847.0,333.0,37.0,2039.0,398382.3640127401,4226500.0,457.0,175.0,moloco
2023-01-10,ANDROID,ipiJcMSJAyLrHZQl,App_Install,14990.0,5.0,4.0,,70.0,4046.0943920399986,1261400.0,6.0,48.0,moloco
2023-01-10,ANDROID,ipiJcMSJAyLrHZQl,App_Install,43065.0,28.0,7.0,,51.0,11482.953556440003,128900.0,4.0,13.0,moloco
2023-01-10,ANDROID,ipiJcMSJAyLrHZQl,App_Install,43237.0,23.0,6.0,3.0,25.0,11512.388448600002,,7.0,,moloco
2023-01-10,ANDROID,ipiJcMSJAyLrHZQl,App_Install,458904.0,1076.0,122.0,8.0,846.0,190559.37303048,1618100.0,196.0,139.0,moloco
2023-01-10,ANDROID,ipiJcMSJAyLrHZQl,App_Install,21030.0,42.0,16.0,6.0,248.0,9194.867843939997,1460400.0,38.0,141.0,moloco
2023-01-10,ANDROID,ipiJcMSJAyLrHZQl,App_Install,34626.0,54.0,11.0,,52.0,12235.673511780002,,7.0,,moloco
2023-01-10,ANDROID,ipiJcMSJAyLrHZQl,App_Install,47181.0,58.0,14.0,4.0,237.0,12123.260857680001,1829600.0,41.0,146.0,moloco
2023-01-10,ANDROID,ipiJcMSJAyLrHZQl,App_Install,,,,,18.0,,138000.0,4.0,14.0,moloco
2023-01-10,ANDROID,ipiJcMSJAyLrHZQl,App_Install,,,,,8.0,,64000.0,,8.0,moloco
2023-01-10,ANDROID,ipiJcMSJAyLrHZQl,App_Install,,,,,26.0,,195200.0,,26.0,moloco
2023-01-10,ANDROID,ipiJcMSJAyLrHZQl,App_Install,,,,,10.0,,33000.0,,10.0,moloco
2023-01-10,ANDROID,ipiJcMSJAyLrHZQl,App_Install,156562.0,195.0,41.0,11.0,270.0,38758.11834552,86800.0,88.0,7.0,moloco
2023-01-10,ANDROID,ipiJcMSJAyLrHZQl,App_Install,,,,,5.0,,35000.0,,5.0,moloco
2023-01-10,ANDROID,ipiJcMSJAyLrHZQl,App_Install,123891.0,65.0,34.0,7.0,280.0,32045.524168499996,982000.0,45.0,85.0,moloco
2023-01-10,ANDROID,ipiJcMSJAyLrHZQl,App_Install,,,,,12.0,,204000.0,,12.0,moloco
2023-01-10,ANDROID,ipiJcMSJAyLrHZQl,App_Install,3755.0,7.0,2.0,1.0,7.0,984.6120144599997,,,,moloco
2023-01-10,ANDROID,ipiJcMSJAyLrHZQl,App_Install,,,,,15.0,,181700.0,,15.0,moloco
2023-01-10,ANDROID,ipiJcMSJAyLrHZQl,App_Install,,,,,1.0,,54100.0,,1.0,moloco
2023-01-11,ANDROID,ipiJcMSJAyLrHZQl,App_Install,1766767.0,2184.0,321.0,12.0,538.0,438415.5598225204,621300.0,117.0,41.0,moloco
2023-01-11,ANDROID,ipiJcMSJAyLrHZQl,App_Install,475748.0,1201.0,141.0,9.0,241.0,192634.99938156008,282600.0,55.0,21.0,moloco
2023-01-11,ANDROID,ipiJcMSJAyLrHZQl,App_Install,41527.0,66.0,13.0,1.0,19.0,14386.152264840008,,4.0,,moloco
2023-01-11,ANDROID,ipiJcMSJAyLrHZQl,App_Install,166793.0,210.0,38.0,5.0,66.0,41816.284410600005,127400.0,14.0,12.0,moloco
2023-01-11,ANDROID,ipiJcMSJAyLrHZQl,App_Install,4131.0,13.0,,,,1086.4480518599999,,,,moloco
2023-01-11,ANDROID,ipiJcMSJAyLrHZQl,App_Install,19294.0,37.0,6.0,3.0,9.0,4541.461917540001,,3.0,,moloco
2023-01-11,ANDROID,ipiJcMSJAyLrHZQl,App_Install,1816468.0,970.0,331.0,46.0,563.0,458430.72115914006,415000.0,123.0,33.0,moloco
2023-01-11,ANDROID,ipiJcMSJAyLrHZQl,App_Install,54213.0,34.0,11.0,3.0,31.0,14034.260962979997,165700.0,4.0,16.0,moloco
2023-01-11,ANDROID,ipiJcMSJAyLrHZQl,App_Install,52177.0,32.0,7.0,2.0,11.0,13488.799222199996,41100.0,1.0,3.0,moloco
2023-01-11,ANDROID,ipiJcMSJAyLrHZQl,App_Install,,,,,2.0,,7400.0,1.0,1.0,moloco
2023-01-11,ANDROID,ipiJcMSJAyLrHZQl,App_Install,64875.0,120.0,16.0,5.0,27.0,14774.029862579997,20700.0,6.0,4.0,moloco
2023-01-11,ANDROID,ipiJcMSJAyLrHZQl,App_Install,48067.0,80.0,8.0,2.0,57.0,11849.74938408,339500.0,5.0,38.0,moloco
2023-01-11,ANDROID,ipiJcMSJAyLrHZQl,App_Install,,,,,7.0,,52500.0,1.0,6.0,moloco
2023-01-11,ANDROID,ipiJcMSJAyLrHZQl,App_Install,,,,,6.0,,85500.0,1.0,5.0,moloco
2023-01-11,ANDROID,ipiJcMSJAyLrHZQl,App_Install,481639.0,1214.0,149.0,17.0,237.0,195217.494519,164000.0,60.0,17.0,moloco
2023-01-11,ANDROID,ipiJcMSJAyLrHZQl,App_Install,22709.0,73.0,12.0,6.0,36.0,9717.118551900001,173900.0,9.0,15.0,moloco
2023-01-11,ANDROID,ipiJcMSJAyLrHZQl,App_Install,55490.0,63.0,6.0,1.0,18.0,13749.61359456,109600.0,,9.0,moloco
2023-01-11,ANDROID,ipiJcMSJAyLrHZQl,App_Install,48110.0,53.0,14.0,,91.0,11951.532775859998,806500.0,7.0,70.0,moloco
2023-01-11,ANDROID,ipiJcMSJAyLrHZQl,App_Install,,,3.0,3.0,25.0,,230100.0,,22.0,moloco
2023-01-11,ANDROID,ipiJcMSJAyLrHZQl,App_Install,,,,,2.0,,29300.0,,2.0,moloco
2023-01-11,ANDROID,ipiJcMSJAyLrHZQl,App_Install,,,,,1.0,,23600.0,,1.0,moloco
2023-01-11,ANDROID,ipiJcMSJAyLrHZQl,App_Install,,,,,7.0,,114800.0,,7.0,moloco
2023-01-11,ANDROID,ipiJcMSJAyLrHZQl,App_Install,17455.0,32.0,2.0,,4.0,6181.585179000001,13800.0,,2.0,moloco
2023-01-11,ANDROID,ipiJcMSJAyLrHZQl,App_Install,,,,,3.0,,18300.0,,3.0,moloco
2023-01-11,ANDROID,ipiJcMSJAyLrHZQl,App_Install,,,,,8.0,,75700.0,,8.0,moloco
2023-01-11,ANDROID,ipiJcMSJAyLrHZQl,App_Install,10157.0,52.0,2.0,,3.0,3869.7266508600005,,1.0,,moloco
2023-01-11,ANDROID,ipiJcMSJAyLrHZQl,App_Install,,,,,3.0,,27800.0,1.0,2.0,moloco
2023-01-11,ANDROID,ipiJcMSJAyLrHZQl,App_Install,51764.0,32.0,7.0,,18.0,13355.311813919998,67800.0,1.0,5.0,moloco
2023-01-11,ANDROID,ipiJcMSJAyLrHZQl,App_Install,,,,,7.0,,65600.0,,7.0,moloco
2023-01-11,ANDROID,ipiJcMSJAyLrHZQl,App_Install,,,,,1.0,,19900.0,,1.0,moloco
2023-01-11,ANDROID,ipiJcMSJAyLrHZQl,App_Install,,,,,12.0,,156800.0,,12.0,moloco
2023-01-11,ANDROID,ipiJcMSJAyLrHZQl,App_Install,,,,,1.0,,3900.0,,1.0,moloco
2023-01-11,ANDROID,ipiJcMSJAyLrHZQl,App_Install,,,,,1.0,,32100.0,,1.0,moloco
2023-01-12,ANDROID,ipiJcMSJAyLrHZQl,App_Install,14971.0,25.0,3.0,2.0,3.0,3973.0856245199993,,,,moloco
2023-01-12,ANDROID,ipiJcMSJAyLrHZQl,App_Install,76634.0,151.0,17.0,6.0,35.0,19206.290500560004,162900.0,6.0,12.0,moloco
2023-01-12,ANDROID,ipiJcMSJAyLrHZQl,App_Install,44982.0,50.0,8.0,1.0,72.0,11417.30988066,551700.0,6.0,58.0,moloco
2023-01-12,ANDROID,ipiJcMSJAyLrHZQl,App_Install,49830.0,93.0,12.0,,19.0,17393.815226159993,41600.0,3.0,4.0,moloco
2023-01-12,ANDROID,ipiJcMSJAyLrHZQl,App_Install,2111691.0,1162.0,359.0,79.0,547.0,540604.0414034401,1166600.0,121.0,66.0,moloco
2023-01-12,ANDROID,ipiJcMSJAyLrHZQl,App_Install,59533.0,34.0,7.0,,13.0,15606.854335680004,20000.0,3.0,3.0,moloco
2023-01-12,ANDROID,ipiJcMSJAyLrHZQl,App_Install,59821.0,41.0,19.0,3.0,41.0,15878.063371740003,168300.0,12.0,10.0,moloco
2023-01-12,ANDROID,ipiJcMSJAyLrHZQl,App_Install,44837.0,62.0,11.0,2.0,22.0,11556.5496906,102700.0,4.0,7.0,moloco
2023-01-12,ANDROID,ipiJcMSJAyLrHZQl,App_Install,45177.0,73.0,11.0,,50.0,11618.342094119998,307400.0,5.0,34.0,moloco
2023-01-12,ANDROID,ipiJcMSJAyLrHZQl,App_Install,493666.0,1532.0,150.0,22.0,235.0,210341.59721466008,433800.0,59.0,26.0,moloco
2023-01-12,ANDROID,ipiJcMSJAyLrHZQl,App_Install,495705.0,1438.0,126.0,10.0,173.0,210978.71385516005,75100.0,38.0,8.0,moloco
2023-01-12,ANDROID,ipiJcMSJAyLrHZQl,App_Install,195091.0,465.0,37.0,5.0,56.0,49865.90831874001,16600.0,17.0,2.0,moloco
2023-01-12,ANDROID,ipiJcMSJAyLrHZQl,App_Install,,,,,11.0,,179700.0,,11.0,moloco
2023-01-12,ANDROID,ipiJcMSJAyLrHZQl,App_Install,59787.0,44.0,8.0,2.0,14.0,15641.31091536,19000.0,5.0,1.0,moloco
2023-01-12,ANDROID,ipiJcMSJAyLrHZQl,App_Install,1665273.0,2191.0,282.0,9.0,429.0,425406.2979898799,565200.0,101.0,46.0,moloco
2023-01-12,ANDROID,ipiJcMSJAyLrHZQl,App_Install,,,,,10.0,,111400.0,,10.0,moloco
2023-01-12,ANDROID,ipiJcMSJAyLrHZQl,App_Install,,,,,1.0,,14200.0,,1.0,moloco
2023-01-12,ANDROID,ipiJcMSJAyLrHZQl,App_Install,,,,,4.0,,13800.0,2.0,2.0,moloco
2023-01-12,ANDROID,ipiJcMSJAyLrHZQl,App_Install,,,,,6.0,,72400.0,,6.0,moloco
2023-01-12,ANDROID,ipiJcMSJAyLrHZQl,App_Install,23624.0,87.0,8.0,1.0,25.0,10673.722159499997,151300.0,6.0,11.0,moloco
2023-01-12,ANDROID,ipiJcMSJAyLrHZQl,App_Install,,,,,7.0,,131900.0,,7.0,moloco
2023-01-12,ANDROID,ipiJcMSJAyLrHZQl,App_Install,11283.0,76.0,1.0,1.0,2.0,4582.036829340001,,1.0,,moloco
2023-01-12,ANDROID,ipiJcMSJAyLrHZQl,App_Install,,,,,2.0,,12800.0,,2.0,moloco
2023-01-12,ANDROID,ipiJcMSJAyLrHZQl,App_Install,,,,,7.0,,87900.0,,7.0,moloco
2023-01-12,ANDROID,ipiJcMSJAyLrHZQl,App_Install,1494.0,3.0,,,1.0,426.9066266399999,,1.0,,moloco
2023-01-12,ANDROID,ipiJcMSJAyLrHZQl,App_Install,,,,,1.0,,10100.0,,1.0,moloco
2023-01-12,ANDROID,ipiJcMSJAyLrHZQl,App_Install,,,,,1.0,,12100.0,,1.0,moloco
2023-01-12,ANDROID,ipiJcMSJAyLrHZQl,App_Install,,,,,1.0,,6600.0,,1.0,moloco
2023-01-12,ANDROID,ipiJcMSJAyLrHZQl,App_Install,15480.0,20.0,2.0,,4.0,5381.197695599999,21700.0,1.0,1.0,moloco
2023-01-13,ANDROID,ipiJcMSJAyLrHZQl,App_Install,1987219.0,3079.0,290.0,17.0,442.0,562470.88272702,642500.0,104.0,48.0,moloco
2023-01-13,ANDROID,ipiJcMSJAyLrHZQl,App_Install,53995.0,88.0,9.0,4.0,49.0,15362.308370699995,462200.0,5.0,35.0,moloco
2023-01-13,ANDROID,ipiJcMSJAyLrHZQl,App_Install,90168.0,192.0,15.0,4.0,29.0,24849.736057320006,29900.0,5.0,9.0,moloco
2023-01-13,ANDROID,ipiJcMSJAyLrHZQl,App_Install,53984.0,81.0,6.0,,69.0,15361.204649459998,804300.0,3.0,60.0,moloco
2023-01-13,ANDROID,ipiJcMSJAyLrHZQl,App_Install,45969.0,74.0,11.0,1.0,20.0,17148.74730102,75000.0,6.0,3.0,moloco
2023-01-13,ANDROID,ipiJcMSJAyLrHZQl,App_Install,19158.0,38.0,2.0,1.0,2.0,5550.704304479999,,,,moloco
2023-01-13,ANDROID,ipiJcMSJAyLrHZQl,App_Install,2304619.0,1233.0,346.0,74.0,509.0,601871.3513547598,915300.0,115.0,48.0,moloco
2023-01-13,ANDROID,ipiJcMSJAyLrHZQl,App_Install,25284.0,104.0,5.0,1.0,36.0,12304.073065500002,412300.0,3.0,28.0,moloco
2023-01-13,ANDROID,ipiJcMSJAyLrHZQl,App_Install,,,,,9.0,,136500.0,,9.0,moloco
2023-01-13,ANDROID,ipiJcMSJAyLrHZQl,App_Install,76598.0,47.0,10.0,2.0,19.0,20403.210255839993,58400.0,5.0,4.0,moloco
2023-01-13,ANDROID,ipiJcMSJAyLrHZQl,App_Install,,,,,15.0,,114000.0,2.0,13.0,moloco
2023-01-13,ANDROID,ipiJcMSJAyLrHZQl,App_Install,53788.0,86.0,10.0,1.0,20.0,15363.98921622,58200.0,7.0,3.0,moloco
2023-01-13,ANDROID,ipiJcMSJAyLrHZQl,App_Install,,,,,5.0,,51200.0,,5.0,moloco
2023-01-13,ANDROID,ipiJcMSJAyLrHZQl,App_Install,208283.0,717.0,33.0,10.0,47.0,60702.934868940014,116300.0,12.0,2.0,moloco
2023-01-13,ANDROID,ipiJcMSJAyLrHZQl,App_Install,12485.0,162.0,2.0,,5.0,7484.5461863400005,8400.0,1.0,2.0,moloco
2023-01-13,ANDROID,ipiJcMSJAyLrHZQl,App_Install,,,,,7.0,,85500.0,,7.0,moloco
2023-01-13,ANDROID,ipiJcMSJAyLrHZQl,App_Install,,,,,30.0,,498200.0,1.0,29.0,moloco
2023-01-13,ANDROID,ipiJcMSJAyLrHZQl,App_Install,539136.0,1869.0,128.0,12.0,185.0,242996.6749924799,191700.0,42.0,15.0,moloco
2023-01-13,ANDROID,ipiJcMSJAyLrHZQl,App_Install,,,,,1.0,,14000.0,,1.0,moloco
2023-01-13,ANDROID,ipiJcMSJAyLrHZQl,App_Install,544658.0,1965.0,175.0,26.0,273.0,246363.24832619994,513300.0,56.0,42.0,moloco
2023-01-13,ANDROID,ipiJcMSJAyLrHZQl,App_Install,,,,,2.0,,19800.0,,2.0,moloco
2023-01-13,ANDROID,ipiJcMSJAyLrHZQl,App_Install,32629.0,19.0,7.0,2.0,13.0,8925.488028240003,35200.0,3.0,3.0,moloco
2023-01-13,ANDROID,ipiJcMSJAyLrHZQl,App_Install,,,1.0,1.0,10.0,,150700.0,,9.0,moloco
2023-01-13,ANDROID,ipiJcMSJAyLrHZQl,App_Install,,,,,6.0,,134300.0,,6.0,moloco
2023-01-13,ANDROID,ipiJcMSJAyLrHZQl,App_Install,76891.0,62.0,9.0,5.0,33.0,20675.0638002,329300.0,1.0,23.0,moloco
2023-01-13,ANDROID,ipiJcMSJAyLrHZQl,App_Install,,,,,5.0,,31300.0,1.0,4.0,moloco
2023-01-13,ANDROID,ipiJcMSJAyLrHZQl,App_Install,,,,,1.0,,10400.0,,1.0,moloco
2023-01-13,ANDROID,ipiJcMSJAyLrHZQl,App_Install,,,,,1.0,,34200.0,,1.0,moloco
2023-01-13,ANDROID,ipiJcMSJAyLrHZQl,App_Install,,,,,1.0,,13100.0,,1.0,moloco
2023-01-13,ANDROID,ipiJcMSJAyLrHZQl,App_Install,,,,,1.0,,8800.0,,1.0,moloco
2023-01-13,ANDROID,ipiJcMSJAyLrHZQl,App_Install,,,,,1.0,,18100.0,,1.0,moloco
2023-01-13,ANDROID,ipiJcMSJAyLrHZQl,App_Install,,,,,1.0,,28900.0,,1.0,moloco
2023-01-13,ANDROID,ipiJcMSJAyLrHZQl,App_Install,,,,,1.0,,3200.0,,1.0,moloco
2023-01-13,ANDROID,ipiJcMSJAyLrHZQl,App_Install,,,,,1.0,,,1.0,,moloco
2023-01-13,ANDROID,ipiJcMSJAyLrHZQl,App_Install,15834.0,36.0,4.0,2.0,11.0,5784.206544840001,56000.0,1.0,6.0,moloco
2023-01-14,ANDROID,ipiJcMSJAyLrHZQl,App_Install,1718474.0,3129.0,426.0,22.0,624.0,509421.89781018003,1435900.0,128.0,70.0,moloco
2023-01-14,ANDROID,ipiJcMSJAyLrHZQl,App_Install,50381.0,96.0,13.0,3.0,99.0,14783.855437740003,1077700.0,9.0,77.0,moloco
2023-01-14,ANDROID,ipiJcMSJAyLrHZQl,App_Install,186877.0,307.0,69.0,3.0,108.0,55264.7792079,334500.0,26.0,13.0,moloco
2023-01-14,ANDROID,ipiJcMSJAyLrHZQl,App_Install,836545.0,3394.0,262.0,37.0,398.0,385424.43580788,996600.0,77.0,59.0,moloco
2023-01-14,ANDROID,ipiJcMSJAyLrHZQl,App_Install,14448.0,26.0,5.0,,15.0,5397.768629340001,144000.0,1.0,9.0,moloco
2023-01-14,ANDROID,ipiJcMSJAyLrHZQl,App_Install,,,,,14.0,,159800.0,4.0,10.0,moloco
2023-01-14,ANDROID,ipiJcMSJAyLrHZQl,App_Install,184934.0,732.0,57.0,17.0,79.0,58224.825855719995,69500.0,15.0,7.0,moloco
2023-01-14,ANDROID,ipiJcMSJAyLrHZQl,App_Install,22497.0,57.0,9.0,4.0,13.0,7139.129738219999,,4.0,,moloco
2023-01-14,ANDROID,ipiJcMSJAyLrHZQl,App_Install,,,,,5.0,,62000.0,,5.0,moloco
2023-01-14,ANDROID,ipiJcMSJAyLrHZQl,App_Install,,,,,6.0,,8000.0,,6.0,moloco
2023-01-14,ANDROID,ipiJcMSJAyLrHZQl,App_Install,84593.0,60.0,20.0,2.0,32.0,22571.46843486,126200.0,5.0,7.0,moloco
2023-01-14,ANDROID,ipiJcMSJAyLrHZQl,App_Install,34510.0,68.0,11.0,,15.0,13159.408278000003,6600.0,3.0,1.0,moloco
2023-01-14,ANDROID,ipiJcMSJAyLrHZQl,App_Install,50589.0,106.0,15.0,5.0,76.0,14975.138805420003,687100.0,8.0,53.0,moloco
2023-01-14,ANDROID,ipiJcMSJAyLrHZQl,App_Install,,,,,13.0,,158700.0,1.0,12.0,moloco
2023-01-14,ANDROID,ipiJcMSJAyLrHZQl,App_Install,211564.0,940.0,139.0,15.0,200.0,101194.70422745997,318100.0,38.0,23.0,moloco
2023-01-14,ANDROID,ipiJcMSJAyLrHZQl,App_Install,86868.0,214.0,24.0,4.0,44.0,26202.166047479994,68500.0,12.0,8.0,moloco
2023-01-14,ANDROID,ipiJcMSJAyLrHZQl,App_Install,,,,,1.0,,13000.0,,1.0,moloco
2023-01-14,ANDROID,ipiJcMSJAyLrHZQl,App_Install,,,,,3.0,,35500.0,,3.0,moloco
2023-01-14,ANDROID,ipiJcMSJAyLrHZQl,App_Install,24411.0,122.0,15.0,3.0,52.0,12310.19733438,343300.0,8.0,29.0,moloco
2023-01-14,ANDROID,ipiJcMSJAyLrHZQl,App_Install,,,,,2.0,,22100.0,,2.0,moloco
2023-01-14,ANDROID,ipiJcMSJAyLrHZQl,App_Install,,,,,25.0,,251100.0,1.0,24.0,moloco
2023-01-14,ANDROID,ipiJcMSJAyLrHZQl,App_Install,,,,,4.0,,63300.0,,4.0,moloco
2023-01-14,ANDROID,ipiJcMSJAyLrHZQl,App_Install,11161.0,170.0,3.0,2.0,7.0,7600.3256361,32400.0,1.0,3.0,moloco
2023-01-14,ANDROID,ipiJcMSJAyLrHZQl,App_Install,2242950.0,1242.0,613.0,78.0,878.0,580690.26332958,1496800.0,172.0,93.0,moloco
2023-01-14,ANDROID,ipiJcMSJAyLrHZQl,App_Install,,,,,5.0,,56100.0,,5.0,moloco
2023-01-14,ANDROID,ipiJcMSJAyLrHZQl,App_Install,,,,,8.0,,121500.0,,8.0,moloco
2023-01-14,ANDROID,ipiJcMSJAyLrHZQl,App_Install,,,,,1.0,,33300.0,,1.0,moloco
2023-01-14,ANDROID,ipiJcMSJAyLrHZQl,App_Install,,,,,2.0,,59100.0,,2.0,moloco
2023-01-14,ANDROID,ipiJcMSJAyLrHZQl,App_Install,85108.0,50.0,19.0,2.0,50.0,22714.026169139997,257000.0,6.0,25.0,moloco
2023-01-14,ANDROID,ipiJcMSJAyLrHZQl,App_Install,,,,,6.0,,94000.0,,6.0,moloco
2023-01-14,ANDROID,ipiJcMSJAyLrHZQl,App_Install,,,,,4.0,,98400.0,,4.0,moloco
2023-01-14,ANDROID,ipiJcMSJAyLrHZQl,App_Install,,,,,1.0,,21100.0,,1.0,moloco
2023-01-14,ANDROID,ipiJcMSJAyLrHZQl,App_Install,,,,,1.0,,28000.0,,1.0,moloco
2023-01-15,ANDROID,ipiJcMSJAyLrHZQl,App_Install,749368.0,1217.0,87.0,5.0,139.0,220634.9407902599,252100.0,31.0,21.0,moloco
2023-01-15,ANDROID,ipiJcMSJAyLrHZQl,App_Install,424623.0,1306.0,97.0,20.0,163.0,193555.17400998005,425100.0,40.0,26.0,moloco
2023-01-15,ANDROID,ipiJcMSJAyLrHZQl,App_Install,21393.0,101.0,13.0,1.0,37.0,10839.069504959998,343800.0,2.0,22.0,moloco
2023-01-15,ANDROID,ipiJcMSJAyLrHZQl,App_Install,84323.0,204.0,28.0,8.0,53.0,27269.232634140004,245300.0,12.0,13.0,moloco
2023-01-15,ANDROID,ipiJcMSJAyLrHZQl,App_Install,30100.0,55.0,5.0,,6.0,11613.554508419998,3200.0,,1.0,moloco
2023-01-15,ANDROID,ipiJcMSJAyLrHZQl,App_Install,14830.0,27.0,6.0,1.0,10.0,5569.349644559998,,4.0,,moloco
2023-01-15,ANDROID,ipiJcMSJAyLrHZQl,App_Install,1172241.0,2066.0,260.0,11.0,387.0,362708.2777333199,544900.0,83.0,44.0,moloco
2023-01-15,ANDROID,ipiJcMSJAyLrHZQl,App_Install,28916.0,59.0,4.0,2.0,9.0,9740.62518486,42900.0,1.0,4.0,moloco
2023-01-15,ANDROID,ipiJcMSJAyLrHZQl,App_Install,550215.0,2024.0,232.0,34.0,346.0,262416.23727702006,618800.0,76.0,38.0,moloco
2023-01-15,ANDROID,ipiJcMSJAyLrHZQl,App_Install,2971751.0,1567.0,459.0,102.0,717.0,833552.75623614,1604600.0,158.0,100.0,moloco
2023-01-15,ANDROID,ipiJcMSJAyLrHZQl,App_Install,,,,,19.0,,249900.0,,19.0,moloco
2023-01-15,ANDROID,ipiJcMSJAyLrHZQl,App_Install,51177.0,93.0,8.0,,83.0,15614.618109420004,1071600.0,3.0,72.0,moloco
2023-01-15,ANDROID,ipiJcMSJAyLrHZQl,App_Install,176814.0,350.0,39.0,9.0,53.0,62109.54442224001,61800.0,10.0,4.0,moloco
2023-01-15,ANDROID,ipiJcMSJAyLrHZQl,App_Install,,,,,5.0,,28500.0,,5.0,moloco
2023-01-15,ANDROID,ipiJcMSJAyLrHZQl,App_Install,,,,,1.0,,17200.0,,1.0,moloco
2023-01-15,ANDROID,ipiJcMSJAyLrHZQl,App_Install,51117.0,94.0,11.0,,54.0,15429.13667298,416600.0,7.0,36.0,moloco
2023-01-15,ANDROID,ipiJcMSJAyLrHZQl,App_Install,,,,,9.0,,73600.0,1.0,8.0,moloco
2023-01-15,ANDROID,ipiJcMSJAyLrHZQl,App_Install,,,,,18.0,,189800.0,2.0,16.0,moloco
2023-01-15,ANDROID,ipiJcMSJAyLrHZQl,App_Install,,,,,3.0,,43600.0,,3.0,moloco
2023-01-15,ANDROID,ipiJcMSJAyLrHZQl,App_Install,111416.0,56.0,27.0,7.0,67.0,31905.10049658,538200.0,11.0,29.0,moloco
2023-01-15,ANDROID,ipiJcMSJAyLrHZQl,App_Install,111522.0,79.0,23.0,6.0,39.0,31897.217468759995,131400.0,7.0,9.0,moloco
2023-01-15,ANDROID,ipiJcMSJAyLrHZQl,App_Install,,,,,1.0,,6600.0,,1.0,moloco
2023-01-15,ANDROID,ipiJcMSJAyLrHZQl,App_Install,10837.0,129.0,2.0,,5.0,7720.367406300003,42400.0,1.0,2.0,moloco
2023-01-15,ANDROID,ipiJcMSJAyLrHZQl,App_Install,,,,,1.0,,9800.0,,1.0,moloco
2023-01-15,ANDROID,ipiJcMSJAyLrHZQl,App_Install,,,,,11.0,,118400.0,1.0,10.0,moloco
2023-01-15,ANDROID,ipiJcMSJAyLrHZQl,App_Install,,,1.0,1.0,6.0,,56000.0,,5.0,moloco
2023-01-15,ANDROID,ipiJcMSJAyLrHZQl,App_Install,,,,,4.0,,66600.0,,4.0,moloco
2023-01-15,ANDROID,ipiJcMSJAyLrHZQl,App_Install,,,,,1.0,,17100.0,,1.0,moloco
2023-01-15,ANDROID,ipiJcMSJAyLrHZQl,App_Install,,,,,6.0,,94300.0,1.0,5.0,moloco
2023-01-16,ANDROID,ipiJcMSJAyLrHZQl,App_Install,866187.0,1009.0,170.0,11.0,271.0,182025.0630121199,630500.0,64.0,37.0,moloco
2023-01-16,ANDROID,ipiJcMSJAyLrHZQl,App_Install,217568.0,476.0,92.0,13.0,148.0,75438.27370602,412400.0,29.0,27.0,moloco
2023-01-16,ANDROID,ipiJcMSJAyLrHZQl,App_Install,27253.0,41.0,10.0,1.0,76.0,6026.590481759999,785700.0,2.0,64.0,moloco
2023-01-16,ANDROID,ipiJcMSJAyLrHZQl,App_Install,42324.0,97.0,5.0,1.0,7.0,11404.573492200001,,2.0,,moloco
2023-01-16,ANDROID,ipiJcMSJAyLrHZQl,App_Install,218182.0,492.0,94.0,11.0,161.0,75315.04703796002,407400.0,39.0,28.0,moloco
2023-01-16,ANDROID,ipiJcMSJAyLrHZQl,App_Install,15722.0,25.0,,,,2900.64914736,,,,moloco
2023-01-16,ANDROID,ipiJcMSJAyLrHZQl,App_Install,3364.0,16.0,,,1.0,1404.9234555,18700.0,,1.0,moloco
2023-01-16,ANDROID,ipiJcMSJAyLrHZQl,App_Install,26984.0,32.0,9.0,2.0,62.0,5964.83259894,562200.0,8.0,45.0,moloco
2023-01-16,ANDROID,ipiJcMSJAyLrHZQl,App_Install,12222.0,25.0,6.0,2.0,9.0,3129.64761006,,3.0,,moloco
2023-01-16,ANDROID,ipiJcMSJAyLrHZQl,App_Install,,,,,13.0,,197200.0,5.0,8.0,moloco
2023-01-16,ANDROID,ipiJcMSJAyLrHZQl,App_Install,7943.0,23.0,,,,1270.8123741599998,,,,moloco
2023-01-16,ANDROID,ipiJcMSJAyLrHZQl,App_Install,51296.0,30.0,10.0,1.0,20.0,12319.61861232,106400.0,4.0,6.0,moloco
2023-01-16,ANDROID,ipiJcMSJAyLrHZQl,App_Install,,,,,26.0,,404600.0,,26.0,moloco
2023-01-16,ANDROID,ipiJcMSJAyLrHZQl,App_Install,108347.0,105.0,36.0,7.0,64.0,22819.104528959993,126900.0,21.0,7.0,moloco
2023-01-16,ANDROID,ipiJcMSJAyLrHZQl,App_Install,180135.0,264.0,100.0,4.0,170.0,48543.48996828,497800.0,39.0,31.0,moloco
2023-01-16,ANDROID,ipiJcMSJAyLrHZQl,App_Install,39623.0,74.0,15.0,5.0,32.0,9336.86370846,194200.0,4.0,13.0,moloco
2023-01-16,ANDROID,ipiJcMSJAyLrHZQl,App_Install,55342.0,78.0,4.0,,7.0,10550.56526424,13600.0,2.0,1.0,moloco
2023-01-16,ANDROID,ipiJcMSJAyLrHZQl,App_Install,10202.0,20.0,5.0,2.0,33.0,3816.190516860001,327800.0,5.0,23.0,moloco
2023-01-16,ANDROID,ipiJcMSJAyLrHZQl,App_Install,,,,,6.0,,30200.0,1.0,5.0,moloco
2023-01-16,ANDROID,ipiJcMSJAyLrHZQl,App_Install,1205730.0,244.0,83.0,4.0,133.0,216471.51230394,289700.0,28.0,22.0,moloco
2023-01-16,ANDROID,ipiJcMSJAyLrHZQl,App_Install,1428460.0,241.0,105.0,1.0,156.0,255709.03408379995,293400.0,31.0,20.0,moloco
2023-01-16,ANDROID,ipiJcMSJAyLrHZQl,App_Install,1387279.0,659.0,273.0,50.0,421.0,332477.61595907994,1144700.0,77.0,71.0,moloco
2023-01-16,ANDROID,ipiJcMSJAyLrHZQl,App_Install,,,,,3.0,,36700.0,1.0,2.0,moloco
2023-01-16,ANDROID,ipiJcMSJAyLrHZQl,App_Install,7669.0,11.0,4.0,,7.0,2183.2537999800006,13300.0,2.0,1.0,moloco
2023-01-16,ANDROID,ipiJcMSJAyLrHZQl,App_Install,,,,,1.0,,2200.0,,1.0,moloco
2023-01-16,ANDROID,ipiJcMSJAyLrHZQl,App_Install,,,,,3.0,,45000.0,,3.0,moloco
2023-01-16,ANDROID,ipiJcMSJAyLrHZQl,App_Install,,,,,5.0,,61000.0,,5.0,moloco
2023-01-16,ANDROID,ipiJcMSJAyLrHZQl,App_Install,,,,,2.0,,16600.0,,2.0,moloco
2023-01-16,ANDROID,ipiJcMSJAyLrHZQl,App_Install,51780.0,39.0,14.0,4.0,48.0,12545.39544294,311700.0,6.0,28.0,moloco
2023-01-16,ANDROID,ipiJcMSJAyLrHZQl,App_Install,,,,,21.0,,292000.0,1.0,20.0,moloco
2023-01-16,ANDROID,ipiJcMSJAyLrHZQl,App_Install,,,,,1.0,,4400.0,,1.0,moloco
2023-01-16,ANDROID,ipiJcMSJAyLrHZQl,App_Install,,,,,1.0,,14800.0,,1.0,moloco
2023-01-16,ANDROID,ipiJcMSJAyLrHZQl,App_Install,,,,,2.0,,7600.0,1.0,1.0,moloco
2023-01-16,ANDROID,ipiJcMSJAyLrHZQl,App_Install,,,,,1.0,,13600.0,,1.0,moloco
2023-01-16,ANDROID,ipiJcMSJAyLrHZQl,App_Install,11983.0,9.0,5.0,,5.0,3557.4848479800003,,,,moloco
2023-01-16,ANDROID,ipiJcMSJAyLrHZQl,App_Install,,,,,2.0,,12800.0,,2.0,moloco
2023-01-16,ANDROID,ipiJcMSJAyLrHZQl,App_Install,,,,,3.0,,22300.0,,3.0,moloco
2023-01-16,ANDROID,ipiJcMSJAyLrHZQl,App_Install,241485.0,49.0,7.0,1.0,12.0,42052.90134545999,13900.0,4.0,1.0,moloco
2023-01-16,ANDROID,ipiJcMSJAyLrHZQl,App_Install,30146.0,1227.0,11.0,11.0,16.0,31351.9949496,,5.0,,moloco
2023-01-16,ANDROID,ipiJcMSJAyLrHZQl,App_Install,,,,,1.0,,5100.0,,1.0,moloco
2023-01-16,ANDROID,ipiJcMSJAyLrHZQl,App_Install,,,,,1.0,,16700.0,,1.0,moloco
2023-01-16,ANDROID,ipiJcMSJAyLrHZQl,App_Install,,,,,2.0,,26200.0,,2.0,moloco
2023-01-16,ANDROID,ipiJcMSJAyLrHZQl,App_Install,16174.0,35.0,1.0,,1.0,2224.35462564,,,,moloco
2023-01-17,ANDROID,ipiJcMSJAyLrHZQl,App_Install,726188.0,886.0,163.0,9.0,281.0,165938.69179920002,785800.0,63.0,55.0,moloco
2023-01-17,ANDROID,ipiJcMSJAyLrHZQl,App_Install,61754.0,3944.0,36.0,29.0,47.0,94426.83923436001,21100.0,10.0,1.0,moloco
2023-01-17,ANDROID,ipiJcMSJAyLrHZQl,App_Install,32667.0,27.0,6.0,,41.0,7741.820538540001,449100.0,4.0,31.0,moloco
2023-01-17,ANDROID,ipiJcMSJAyLrHZQl,App_Install,20809.0,39.0,5.0,,9.0,6617.4391087799995,15700.0,3.0,1.0,moloco
2023-01-17,ANDROID,ipiJcMSJAyLrHZQl,App_Install,866551.0,444.0,125.0,23.0,211.0,202892.26276194004,523000.0,40.0,46.0,moloco
2023-01-17,ANDROID,ipiJcMSJAyLrHZQl,App_Install,259009.0,552.0,78.0,5.0,144.0,96781.22774100002,449700.0,37.0,29.0,moloco
2023-01-17,ANDROID,ipiJcMSJAyLrHZQl,App_Install,10176.0,24.0,3.0,1.0,32.0,4132.58757564,438400.0,,29.0,moloco
2023-01-17,ANDROID,ipiJcMSJAyLrHZQl,App_Install,,,,,18.0,,223500.0,1.0,17.0,moloco
2023-01-17,ANDROID,ipiJcMSJAyLrHZQl,App_Install,27050.0,29.0,3.0,1.0,80.0,6177.541776239999,856200.0,6.0,71.0,moloco
2023-01-17,ANDROID,ipiJcMSJAyLrHZQl,App_Install,26883.0,32.0,1.0,,60.0,6193.731181380001,706400.0,2.0,57.0,moloco
2023-01-17,ANDROID,ipiJcMSJAyLrHZQl,App_Install,261190.0,617.0,59.0,11.0,124.0,97651.79003081999,464600.0,23.0,42.0,moloco
2023-01-17,ANDROID,ipiJcMSJAyLrHZQl,App_Install,1260278.0,248.0,115.0,9.0,166.0,218025.91515420005,213500.0,37.0,14.0,moloco
2023-01-17,ANDROID,ipiJcMSJAyLrHZQl,App_Install,1356358.0,221.0,133.0,5.0,191.0,235218.54829614,341900.0,37.0,21.0,moloco
2023-01-17,ANDROID,ipiJcMSJAyLrHZQl,App_Install,,,,,7.0,,97900.0,,7.0,moloco
2023-01-17,ANDROID,ipiJcMSJAyLrHZQl,App_Install,,,,,4.0,,27000.0,,4.0,moloco
2023-01-17,ANDROID,ipiJcMSJAyLrHZQl,App_Install,,,,,3.0,,27000.0,,3.0,moloco
2023-01-17,ANDROID,ipiJcMSJAyLrHZQl,App_Install,524453.0,587.0,44.0,4.0,88.0,122537.03319834001,336200.0,20.0,24.0,moloco
2023-01-17,ANDROID,ipiJcMSJAyLrHZQl,App_Install,10472.0,17.0,1.0,1.0,5.0,2444.5217797200003,24400.0,1.0,3.0,moloco
2023-01-17,ANDROID,ipiJcMSJAyLrHZQl,App_Install,,,,,13.0,,238800.0,,13.0,moloco
2023-01-17,ANDROID,ipiJcMSJAyLrHZQl,App_Install,,,,,23.0,,298600.0,,23.0,moloco
2023-01-17,ANDROID,ipiJcMSJAyLrHZQl,App_Install,18560.0,36.0,4.0,1.0,6.0,6498.20990604,,2.0,,moloco
2023-01-17,ANDROID,ipiJcMSJAyLrHZQl,App_Install,38469.0,47.0,11.0,,18.0,8635.365562260004,14200.0,6.0,1.0,moloco
2023-01-17,ANDROID,ipiJcMSJAyLrHZQl,App_Install,,,,,7.0,,227000.0,,7.0,moloco
2023-01-17,ANDROID,ipiJcMSJAyLrHZQl,App_Install,10063.0,9.0,4.0,1.0,8.0,3174.5640887999994,3200.0,3.0,1.0,moloco
2023-01-17,ANDROID,ipiJcMSJAyLrHZQl,App_Install,,,,,2.0,,24500.0,,2.0,moloco
2023-01-17,ANDROID,ipiJcMSJAyLrHZQl,App_Install,27904.0,49.0,4.0,1.0,10.0,5988.4044355199985,50900.0,1.0,5.0,moloco
2023-01-17,ANDROID,ipiJcMSJAyLrHZQl,App_Install,238709.0,44.0,26.0,,35.0,41754.736763880006,60800.0,3.0,6.0,moloco
2023-01-17,ANDROID,ipiJcMSJAyLrHZQl,App_Install,,,,,3.0,,47500.0,,3.0,moloco
2023-01-17,ANDROID,ipiJcMSJAyLrHZQl,App_Install,32550.0,16.0,5.0,2.0,14.0,7721.96562156,73800.0,4.0,5.0,moloco
2023-01-17,ANDROID,ipiJcMSJAyLrHZQl,App_Install,,,,,3.0,,32200.0,1.0,2.0,moloco
2023-01-17,ANDROID,ipiJcMSJAyLrHZQl,App_Install,91505.0,78.0,21.0,5.0,31.0,17987.324404859995,33800.0,8.0,2.0,moloco
2023-01-17,ANDROID,ipiJcMSJAyLrHZQl,App_Install,7076.0,13.0,1.0,,6.0,2178.288014880001,44800.0,1.0,4.0,moloco
2023-01-17,ANDROID,ipiJcMSJAyLrHZQl,App_Install,,,,,3.0,,44400.0,,3.0,moloco
2023-01-17,ANDROID,ipiJcMSJAyLrHZQl,App_Install,,,,,2.0,,32000.0,,2.0,moloco
2023-01-17,ANDROID,ipiJcMSJAyLrHZQl,App_Install,25950.0,17.0,3.0,,5.0,5484.018225,14300.0,1.0,1.0,moloco
2023-01-17,ANDROID,ipiJcMSJAyLrHZQl,App_Install,,,,,1.0,,15500.0,,1.0,moloco
2023-01-17,ANDROID,ipiJcMSJAyLrHZQl,App_Install,,,,,5.0,,60700.0,,5.0,moloco
2023-01-17,ANDROID,ipiJcMSJAyLrHZQl,App_Install,,,,,16.0,,273400.0,,16.0,moloco
2023-01-17,ANDROID,ipiJcMSJAyLrHZQl,App_Install,,,,,2.0,,7800.0,,2.0,moloco
2023-01-17,ANDROID,ipiJcMSJAyLrHZQl,App_Install,31322.0,47.0,1.0,,2.0,6659.77543464,,1.0,,moloco
2023-01-17,ANDROID,ipiJcMSJAyLrHZQl,App_Install,,,,,1.0,,,1.0,,moloco
